node_id,node_type,label,event_date,event_type,source_system
state_start,state_boundary,State Start,2016-07-01,state_boundary,pipeline
state_end,state_boundary,State End,2026-03-08,state_boundary,pipeline
evt_6a8572cb90bd0315e97d44d3,event,Signed a 4 year $94.5 million maximum contract with Memphis (MEM),2016-07-07,contract_signing,spotrac
evt_5ed664f5d4f8ef2bbe383746,event,Signed a 3 year $10 million contract with Charlotte (CHA) as part of a Sign-and-Trade with Memphis (MEM),2016-07-09,contract_signing,spotrac
evt_1943b4ae8e50234564573f6b,event,Signed a 3 year $4 million contract with Memphis (MEM),2016-07-10,contract_signing,spotrac
evt_97a7883f37aa3094428eecb7,event,Waived by Memphis (MEM),2016-07-11,waiver,spotrac
evt_f0fd57e372bd21aee3da4407,event,Signed a 3 year $3 million contract with Memphis (MEM),2016-07-12,contract_signing,spotrac
evt_eed64039fc2ed4d10dd501f6,event,Traded to Memphis (MEM) from Charlotte (CHA) for $1.6 TPE and $250k,2016-07-12,trade,spotrac
evt_980bdf8e3486fc0483d5afb9,event,Signed a 2 year $5.9 million contract with Memphis (MEM),2016-07-13,contract_signing,spotrac
evt_2cda1c629d468d80e767dbe0,event,Signed a 5 year $152.6 million maximum contract with Memphis (MEM),2016-07-14,contract_signing,spotrac
evt_89bf0e77b3767f0e8d765065,event,Signed a 4 year $8.62 million rookie scale contract with Memphis (MEM),2016-07-16,contract_signing,spotrac
evt_b85f742c82902fb98b4152f4,event,Signed a 2 year $1.45 million contract with Memphis (MEM),2016-07-21,contract_signing,spotrac
evt_4b046e3224ad54dc678276c3,event,Signed a 2 year $1.45 million contract with Memphis (MEM),2016-07-26,contract_signing,spotrac
evt_a3dbb88fc5df7e164bd522ba,event,Signed a contract with Memphis (MEM),2016-07-26,contract_signing,spotrac
evt_f90156fee50846fef775c4f9,event,Signed a 2 year $2.23 million contract with Memphis (MEM),2016-08-08,contract_signing,spotrac
evt_5f5aaf23ea9cd410d5253ce0,event,Signed a contract with Memphis (MEM) - camp invite,2016-09-23,contract_signing,spotrac
evt_c9983d0493317a76d7dd714b,event,Waived by Memphis (MEM),2016-10-07,waiver,spotrac
evt_e1eb45f12200e93ffaad4c59,event,Signed a contract with Memphis (MEM) - camp invite,2016-10-09,contract_signing,spotrac
evt_2286bdc577aacdca436c812e,event,Signed a contract with Memphis (MEM),2016-10-20,contract_signing,spotrac
evt_4262f266ae95821916233fc2,event,Signed a contract with Memphis (MEM),2016-10-20,contract_signing,spotrac
evt_1d85912435a7ee107f454450,event,Waived by Memphis (MEM),2016-10-20,waiver,spotrac
evt_3e249b80d32ae27c8d1c8c91,event,Waived by Memphis (MEM),2016-10-20,waiver,spotrac
evt_d58b35a3810839dc65c8f632,event,Signed a contract with Memphis (MEM),2016-10-21,contract_signing,spotrac
evt_4766e5618996d0ab6c2ec230,event,Waived by Memphis (MEM),2016-10-21,waiver,spotrac
evt_357b6e334bca2d33fb53211f,event,Waived by Memphis (MEM),2016-10-22,waiver,spotrac
evt_54fe3d6bf1265a6a1c35ea52,event,Waived by Memphis (MEM),2016-10-22,waiver,spotrac
evt_60620fb70dd0916088460592,event,Waived by Memphis (MEM),2016-10-22,waiver,spotrac
evt_eaa89afdc555c3d1a8dff9b4,event,Waived by Memphis (MEM),2016-10-22,waiver,spotrac
evt_a05f9f83cfe2ae73e9966614,event,Waived by Memphis (MEM),2016-10-24,waiver,spotrac
evt_99b52c996572edf5855be602,event,Signed a 1 year $998k contract with Memphis (MEM),2016-12-05,contract_signing,spotrac
evt_b74558947c21b490829eff22,event,Waived by Memphis (MEM),2016-12-15,waiver,spotrac
evt_f2fbfde5c5c95d202a5ef797,event,Signed a 10-day contract with Memphis (MEM),2017-01-30,contract_signing,spotrac
evt_dc123468524fe00dfd5f1197,event,Waived by Memphis (MEM),2017-01-30,waiver,spotrac
evt_2649984606d60cc5f4426ecd,event,Signed a 10-day contract with Memphis (MEM),2017-02-09,contract_signing,spotrac
evt_491c1e22dfe037927ca035c0,event,Signed a 1 year $379k million contract with Memphis (MEM),2017-02-23,contract_signing,spotrac
evt_45eee096c2338937865b89bf,event,Signed a 2 year $1.4 million contract with Memphis (MEM),2017-03-18,contract_signing,spotrac
evt_01c112dcc1c68f9850d4e9aa,event,Waived by Memphis (MEM),2017-03-18,waiver,spotrac
evt_43e946d6734ed189457ed70a,event,Traded to Memphis (MEM) from Houston (HOU) for 2018 2nd round pick,2017-06-22,trade,spotrac
evt_de2d7be8c82d9a92ea79686f,event,Traded to Memphis (MEM) from Orlando (ORL) for 2019 2nd round pick (#46 - traded),2017-06-22,trade,spotrac
evt_f1226f12468dd46850e8cd79,event,Signed a 2 year $2.86 million contract with Memphis (MEM),2017-07-01,contract_signing,spotrac
evt_521c099e4da8d7f522cc13f0,event,Signed a 2 year $10.66 million contract with Memphis (MEM),2017-07-06,contract_signing,spotrac
evt_4ed68790d5f998ea406f399c,event,Signed a 2 year $2.3 million contract with Memphis (MEM) - includes 3rd Year Club Option,2017-07-09,contract_signing,spotrac
evt_9500bf323186e894b70a9a6c,event,Signed a 1 year $816k contract with Memphis (MEM),2017-07-09,contract_signing,spotrac
evt_1680a9270f95cdf72eda2ccc,event,Signed a 1 year $3.29 million contract with Memphis (MEM),2017-07-10,contract_signing,spotrac
evt_1a9e8e9b1ea3a60d99b18a5d,event,Signed a 1 year contract with Memphis (MEM),2017-07-19,contract_signing,spotrac
evt_9bf59ce516673564062cf8d6,event,Signed a 3 year contract with Memphis (MEM),2017-07-21,contract_signing,spotrac
evt_428113d928b8439e65328750,event,Signed a 3 year $3.95 million contract with Memphis (MEM),2017-09-21,contract_signing,spotrac
evt_082ee0042f74eb8f1da6a7f4,event,Signed a 2 year $16.2 million contract with Memphis (MEM),2017-09-27,contract_signing,spotrac
evt_3ce513965337b39ac1c8786b,event,Signed a contract with Memphis (MEM),2017-10-05,contract_signing,spotrac
evt_05e2cdc0a8ef4dddbec3f849,event,Waived by Memphis (MEM),2017-10-05,waiver,spotrac
evt_8e666b1336c023d1a283edee,event,Waived by Memphis (MEM),2017-10-14,waiver,spotrac
evt_30ce1b616d7a26a83b1ff487,event,Waived by Memphis (MEM),2017-10-16,waiver,spotrac
evt_66aaa70f232016716b494f8b,event,Waived by Memphis (MEM),2017-10-16,waiver,spotrac
evt_f55bab4908829d5b7066c6c0,event,Waived by Memphis (MEM),2018-01-13,waiver,spotrac
evt_9eaadf7e30fb989134fdbb1c,event,Traded to Memphis (MEM) from Detroit (DET) with 2022 2nd round pick for James Ennis,2018-02-08,trade,spotrac
evt_4a38277907522761338ba23d,event,Waived by Memphis (MEM) - agree to buyout,2018-02-10,waiver,spotrac
evt_aa03e0d6db8d1ffc89157059,event,Signed a 10-day contract with Memphis (MEM),2018-03-05,contract_signing,spotrac
evt_ba4444a6a21df4f8ad1226cb,event,Signed a 10-day contract with Memphis (MEM),2018-03-14,contract_signing,spotrac
evt_29bd43ad0cd68e14a28c8e1f,event,Signed a 10-day contract with Memphis (MEM),2018-03-24,contract_signing,spotrac
evt_f4ec26628cfc168fd9b58b6b,event,Signed a 10-day contract with Memphis (MEM),2018-03-27,contract_signing,spotrac
evt_03646f43017eb37c74fcdb64,event,Waived by Memphis (MEM),2018-03-27,waiver,spotrac
evt_bf49d4f3452b66fd9e35cbb4,event,Signed a contract with Memphis (MEM),2018-04-03,contract_signing,spotrac
evt_2161a64cff88e9833e5bee45,event,Signed a contract with Memphis (MEM),2018-04-06,contract_signing,spotrac
evt_23ea02aa743cfcb1c8da0a57,event,Signed a multi-year contract with Memphis (MEM),2018-04-06,contract_signing,spotrac
evt_edf71fa0a16a0c249e714b1f,event,Waived by Memphis (MEM),2018-04-06,waiver,spotrac
evt_0782268e8d68e3bb13638fb2,event,Drafted by Memphis (MEM): Round 2 (#32 overall),2018-06-21,draft_pick,spotrac
evt_f82ec796bf8fbce5d2adcb27,event,Drafted by Memphis (MEM): Round 1 (#4 overall),2018-06-21,draft_pick,spotrac
evt_43e8c0a2421a3a9a10a99372,event,Waived by Memphis (MEM),2018-06-24,waiver,spotrac
evt_7fb3a9fb0a4a0cf7ecd4640a,event,draft_pick: Jevon Carter,2018-06-30,draft_pick,nba_api
evt_ac960511a5622fe72ea32909,event,draft_pick: Jaren Jackson Jr.,2018-06-30,draft_pick,nba_api
evt_36780b568387adff3285274e,event,Signed a 4 year $29.28 million rookie scale contract with Memphis (MEM),2018-07-01,contract_signing,spotrac
evt_8a28fdb7fc1f38f073f9b99a,event,Signed a 4 year $37.2 million offer sheet contract with Memphis (MEM),2018-07-08,contract_signing,spotrac
evt_49e7732217e85b0207d4b75f,event,Signed a 1 year $2.18 million contract with Memphis (MEM),2018-07-11,contract_signing,spotrac
evt_7a41f20321e84402a30d8431,event,"Traded to Memphis (MEM) from Sacramento (SAC) for Deyonta Davis, Ben McLemore, $1.54 million and 2021 2nd round pick",2018-07-17,trade,spotrac
evt_e19899c45bda22f4794a92d9,event,Waived by Memphis (MEM),2018-07-20,waiver,spotrac
evt_662bba82e5ee8314f21e744f,event,Traded to Memphis (MEM) from Orlando (ORL) with Tyler Harvey for Jarell Martin and cash,2018-07-23,trade,spotrac
evt_1a1e48add70f4e3f8b4e47a4,event,Signed a 1 year $2 million contract with Memphis (MEM),2018-08-07,contract_signing,spotrac
evt_e7a583389e1237ab6e2fdb8c,event,Signed a contract with Memphis (MEM),2018-08-10,contract_signing,spotrac
evt_6bf65291a25683997b7610c6,event,Waived by Memphis (MEM),2018-08-28,waiver,spotrac
evt_6cfd63dccce7234fd1771290,event,Signed a contract with Memphis (MEM),2018-08-30,contract_signing,spotrac
evt_c42b787613772b1c9130ea0d,event,Waived by Memphis (MEM) - via Stretch Provision,2018-08-31,waiver,spotrac
evt_8ad4de4f7fea38f360d68bf6,event,Signed a contract with Memphis (MEM) - camp invite,2018-09-04,contract_signing,spotrac
evt_dc367ec89b8138dce310cf81,event,Signed a contract with Memphis (MEM) - camp invite,2018-09-24,contract_signing,spotrac
evt_0d7b541dcb5c7af0a15e59d7,event,Waived by Memphis (MEM),2018-10-09,waiver,spotrac
evt_2814c2869be860321b71ac3a,event,Waived by Memphis (MEM),2018-10-13,waiver,spotrac
evt_300378ad4e239f9fbee29da9,event,Waived by Memphis (MEM),2018-10-13,waiver,spotrac
evt_e5d6aab671b81fb1aee21f23,event,Waived by Memphis (MEM),2018-10-13,waiver,spotrac
evt_43ba88944afb65403f4f9db1,event,Waived by Memphis (MEM),2018-11-01,waiver,spotrac
evt_e7e1f53e7587716fdfe01ff8,event,Signed a 1 year $1.73 million contract with Memphis (MEM),2018-12-04,contract_signing,spotrac
evt_d452da736c6dea829eebb114,event,Waived by Memphis (MEM),2018-12-30,waiver,spotrac
evt_acc449e5f406b2fd13ef7422,event,"Traded to Memphis (MEM) from Chicago (CHI) for MarShon Brooks, Wayne Selden, 2020 2nd round pick and 2019 2nd round pick (#38 Daniel Gafford)",2019-01-03,trade,spotrac
evt_ba68e3fa6671f890b8dbbc4a,event,Waived by Memphis (MEM),2019-01-15,waiver,spotrac
evt_6e45d3e738901de51a498351,event,Signed a 10-day contract with Memphis (MEM),2019-01-24,contract_signing,spotrac
evt_8bbabcb522aa8eb3fee4a034,event,Signed a 10-day contract with Memphis (MEM),2019-02-03,contract_signing,spotrac
evt_38f5ebc8192e6a75bd9bd130,event,Traded to Memphis (MEM) from Atlanta (ATL) for Shelvin Mack,2019-02-07,trade,spotrac
evt_6d0b0fd96998e3866b50c543,event,Traded to Memphis (MEM) from LA (LAC) for Garrett Temple and JaMychal Green,2019-02-07,trade,spotrac
evt_7658f2c151df9728f344c618,event,"Traded to Memphis (MEM) from Toronto (TOR) with Jonas Valanciunas , C.J. Miles and 2024 2nd round pick for Marc Gasol",2019-02-07,trade,spotrac
evt_b03a8e4ea306b80631cce13d,event,"Traded to Memphis (MEM) from Toronto (TOR) with Delon Wright , C.J. Miles and 2024 2nd round pick for Marc Gasol",2019-02-07,trade,spotrac
evt_b075a25d9ac8b55b48d8527e,event,"Traded to Memphis (MEM) from Toronto (TOR) with Jonas Valanciunas , Delon Wright and 2024 2nd round pick for Marc Gasol",2019-02-07,trade,spotrac
evt_65e884c0d140802e326f2daf,event,Waived by Memphis (MEM),2019-02-07,waiver,spotrac
evt_ff61358f7a90c48dd076a526,event,Signed a 2 year $2.37 million contract with Memphis (MEM),2019-02-13,contract_signing,spotrac
evt_b96c0124970a5fc1b8f879ea,event,Signed a 10-day contract with Memphis (MEM),2019-03-30,contract_signing,spotrac
evt_3395edbe044979007928e381,event,Waived by Memphis (MEM),2019-04-04,waiver,spotrac
evt_93fca5edc7757226c00b237e,event,Signed a contract with Memphis (MEM),2019-06-11,contract_signing,spotrac
evt_877cd2617c872c607e331c9c,event,Drafted by Memphis (MEM): Round 1 (#2 overall),2019-06-20,draft_pick,spotrac
evt_faab2afc6374773f4137fdac,event,draft_pick: Ja Morant,2019-06-30,draft_pick,nba_api
evt_e13ca7ed209f0c6aeda47102,event,Signed a 4 year $39.62 million rookie scale contract with Memphis (MEM),2019-07-01,contract_signing,spotrac
evt_86d16e31de60c43f41976be3,event,Signed a 4 year $12.15 million rookie scale contract with Memphis (MEM),2019-07-06,contract_signing,spotrac
evt_1a88e7bbd8f77f97aec1a088,event,Traded to Memphis (MEM) from Washington (WAS) for C.J. Miles,2019-07-06,trade,spotrac
evt_2c41ff4be18d7cfc0dd99c40,event,Traded to Memphis (MEM) from Oklahoma City (OKC) for 2024 2nd round pick and Darius Bazley,2019-07-06,trade,spotrac
evt_7ab5d1cdd3e72919b4d84a41,event,"Traded to Memphis (MEM) from Utah (UTA) with Grayson Allen , Kyle Korver , Jae Crowder and 2020 1st round pick [Top-7 protected and protected 15-30 (conveys 8-14), 2021 same as 2020 ,2022 Top-6 protected, 2023 Top-3 prot",2019-07-06,trade,spotrac
evt_9015d5d2de3964c645f7e3ee,event,"Traded to Memphis (MEM) from Utah (UTA) with Grayson Allen , Kyle Korver , 2020 1st round pick [Top-7 protected and protected 15-30 (conveys 8-14), 2021 same as 2020 ,2022 Top-6 protected, 2023 Top-3 protected, 2024 Top-",2019-07-06,trade,spotrac
evt_adc764de8c710771d1a3bc6d,event,"Traded to Memphis (MEM) from Utah (UTA) with Kyle Korver , Jae Crowder , 2020 1st round pick [Top-7 protected and protected 15-30 (conveys 8-14), 2021 same as 2020 ,2022 Top-6 protected, 2023 Top-3 protected, 2024 Top-1 ",2019-07-06,trade,spotrac
evt_f3af4590bbdd3eb64cb25574,event,"Traded to Memphis (MEM) from Utah (UTA) with Grayson Allen , Jae Crowder , 2020 1st round pick [Top-7 protected and protected 15-30 (conveys 8-14), 2021 same as 2020 ,2022 Top-6 protected, 2023 Top-3 protected, 2024 Top-",2019-07-06,trade,spotrac
evt_e6749efc9200afbe2a845a94,event,Waived by Memphis (MEM),2019-07-06,waiver,spotrac
evt_1e26d9c32493d1602c4356f8,event,Traded to Memphis (MEM) from Atlanta (ATL) with Miles Plumlee for Chandler Parsons,2019-07-07,trade,spotrac
evt_7af040edbcb1a9943266df75,event,"Traded to Memphis (MEM) from Phoenix (PHX) with De'Anthony Melton , 2020 2nd round pick and 2021 2nd round pick [conditional] for Kyle Korver and Jevon Carter",2019-07-07,trade,spotrac
evt_7fa7a1285de704b56aca15cb,event,Traded to Memphis (MEM) from Atlanta (ATL) with Solomon Hill for Chandler Parsons,2019-07-07,trade,spotrac
evt_a90883bcf7898af9199ed222,event,"Traded to Memphis (MEM) from Phoenix (PHX) with Josh Jackson , 2020 2nd round pick and 2021 2nd round pick [conditional] for Kyle Korver and Jevon Carter",2019-07-07,trade,spotrac
evt_f0c115b270e10b823c795843,event,"Traded to Memphis (MEM) from Golden State (GSW) with 2024 1st round pick [protected Top-4, 2025 protected Top-1, 2026 unrpotected] and $2 million for Julian Washburn",2019-07-07,trade,spotrac
evt_cf13021850a40877b22c07b5,event,Signed a two-way contract with Memphis (MEM),2019-07-08,conversion,spotrac
evt_ce40e6eaff79e9daca1c228e,event,Traded to Memphis (MEM) from Dallas (DAL) with two second-round draft picks for Delon Wright,2019-07-08,trade,spotrac
evt_9a6595381b04fad807ca80c4,event,Signed a 3 year $45 million contract with Memphis (MEM),2019-07-11,contract_signing,spotrac
evt_a6585090358d038d392766bd,event,"Signed a 3 year $26.4 million contract with Memphis (MEM), Minnesota (MIN) declined to match Offer Sheet",2019-07-11,contract_signing,spotrac
evt_0e888366ce8104c5fe697907,event,Signed a 2 year $5.38 million contract with Memphis (MEM),2019-07-31,contract_signing,spotrac
evt_b2fd931d637a7220bc4cb0d1,event,Signed a contract with Memphis (MEM) - Exhibit 10,2019-08-18,contract_signing,spotrac
evt_81f88dfe54a9d509a9bc7e20,event,Waived by Memphis (MEM) - agreed to buyout,2019-08-24,waiver,spotrac
evt_2d859e564086e267defcca40,event,Signed a contract with Memphis (MEM) - Exhibit 10,2019-10-14,contract_signing,spotrac
evt_f62aacb3399f740db6e61fe0,event,Waived by Memphis (MEM),2019-10-14,waiver,spotrac
evt_5d5ae4613e7bae64e9406703,event,Signed a contract with Memphis (MEM) - Exhibit 10,2019-10-15,contract_signing,spotrac
evt_e9bc63a1d0b0c30517db8175,event,Waived by Memphis (MEM),2019-10-15,waiver,spotrac
evt_6eac2f1d677061aa611acbfe,event,Signed a contract with Memphis (MEM) - Exhibit 10,2019-10-16,contract_signing,spotrac
evt_e6dc1ac9951e1189cd0a4e86,event,Waived by Memphis (MEM),2019-10-16,waiver,spotrac
evt_bbf9268194a2ac1707be9dcf,event,Waived by Memphis (MEM),2019-10-17,waiver,spotrac
evt_067da961a3469244b81d8ee8,event,Signed a contract with Memphis (MEM) - Exhibit 10,2019-10-18,contract_signing,spotrac
evt_e5e277304132ba22b72f37b3,event,Signed a contract with Memphis (MEM) - Exhibit 10,2019-10-18,contract_signing,spotrac
evt_acb291f0c373d1eb905936ab,event,Waived by Memphis (MEM),2019-10-18,waiver,spotrac
evt_2012d59f3d001e35c4cc586b,event,Waived by Memphis (MEM),2019-10-19,waiver,spotrac
evt_8f11a88c0a7568e60b403f93,event,Waived by Memphis (MEM),2019-10-19,waiver,spotrac
evt_e04b4576b8d185d0f4a46b77,event,Waived by Memphis (MEM),2019-10-19,waiver,spotrac
evt_91c87698dd89b34ae42b4241,event,Signed a 3 year $35 million contract extension with Memphis (MEM),2020-02-05,extension,spotrac
evt_1f899c00ef6d68bb47cdd13c,event,"Traded to Memphis (MEM) from Miami (MIA) as part of a 3-team trade: Memphis (MEM) traded Andre Iguodala, Jae Crowder and Solomon Hill to Miami (MIA); Miami (MIA) traded Dion Waiters to Memphis (MEM); Miami (MIA) traded J",2020-02-06,trade,spotrac
evt_463d8a2d64dc03f7d2157ac1,event,"Traded to Memphis (MEM) from Miami (MIA) as part of a 3-team trade: Memphis (MEM) traded Andre Iguodala, Jae Crowder and Solomon Hill to Miami (MIA); Miami (MIA) traded Justise Winslow to Memphis (MEM); Miami (MIA) trade",2020-02-06,trade,spotrac
evt_6b28d153e4818233903fee8a,event,"Traded to Memphis (MEM) from Minnesota (MIN) as part of a 3-team trade: Memphis (MEM) traded Andre Iguodala, Jae Crowder and Solomon Hill to Miami (MIA); Miami (MIA) traded Justise Winslow and Dion Waiters to Memphis (ME",2020-02-06,trade,spotrac
evt_ebc6badb4a4ca7cc94b1fc40,event,Traded to Memphis (MEM) from Houston (HOU) with 2023 2nd round pick [right to swap DAL/MIA (less favorable) as long as HOU (top-32 protected)] for Bruno Caboclo,2020-02-06,trade,spotrac
evt_d99e883b3bcf5971dc4d860f,event,Waived by Memphis (MEM),2020-02-09,waiver,spotrac
evt_872366b4fcb06e0b22b3d7c6,event,Signed a 10-day contract with Memphis (MEM),2020-02-21,contract_signing,spotrac
evt_f38001f229d397bf01a0d3d9,event,Signed a 10-day contract with Memphis (MEM),2020-02-27,contract_signing,spotrac
evt_cbb0da6eeab0d0a11ce73112,event,Released by Memphis (MEM),2020-02-27,waiver,spotrac
evt_0f99936cbb77ab85d1a6acee,event,Signed a 10-day contract with Memphis (MEM),2020-03-02,contract_signing,spotrac
evt_9c17dcab6917f064939c6f42,event,Waived by Memphis (MEM),2020-03-02,waiver,spotrac
evt_9c10075e2180af1a95d8f4b8,event,Signed a Rest-of-Season contract with Memphis (MEM) - includes 2020 Club Option,2020-03-08,contract_signing,spotrac
evt_a1f29332a30341b8b0894736,event,Signed a Rest-of-Season contract with Memphis (MEM),2020-06-23,contract_signing,spotrac
evt_bf5d545c226f0334a69de4a6,event,draft_pick: Robert Woodard II,2020-06-30,draft_pick,nba_api
evt_509caa77a6cc1f96510e6238,event,Drafted by Memphis (MEM): Round 2 (#40 overall),2020-11-18,draft_pick,spotrac
evt_518373f809fd0e7db84d2054,event,Traded to Memphis (MEM) from Sacramento (SAC) for Robert Woodard II and 2022 2nd round pick,2020-11-18,trade,spotrac
evt_6e7f988954ce72494b0cd648,event,Traded to Memphis (MEM) from Boston (BOS) as part of a 3-team trade: Boston (BOS) traded Enes Kanter to Portland (POR); Memphis (MEM) traded future pick to Boston (BOS); Portland (POR) traded Mario Hezonja to Memphis (ME,2020-11-20,trade,spotrac
evt_95ec0c5257b89dfd9996dbe7,event,Traded to Memphis (MEM) from Portland (POR) as part of a 3-team trade: Boston (BOS) traded Desmond Bane to Memphis (MEM); Boston (BOS) traded Enes Kanter to Portland (POR); Memphis (MEM) traded future pick to Boston (BOS,2020-11-20,trade,spotrac
evt_367be1667fd80ad7afe787b3,event,Signed a 3 year $5.85 million contract with Memphis (MEM),2020-11-22,contract_signing,spotrac
evt_b00550dea773a7949c46e553,event,Signed a 4 year $9 million contract with Memphis (MEM),2020-11-22,contract_signing,spotrac
evt_c8999d2f005d24df6f770ecb,event,Signed a 4 year $34.6 million contract with Memphis (MEM),2020-11-22,contract_signing,spotrac
evt_8a83c8f5b81fda7c557369a8,event,Signed a two-way contract with Memphis (MEM),2020-11-24,conversion,spotrac
evt_dffd82d14077946475868326,event,Signed a two-way contract with Memphis (MEM),2020-11-24,conversion,spotrac
evt_3d76d75132621f87569e3dad,event,Signed a 4 year $9.94 million rookie scale contract with Memphis (MEM),2020-11-25,contract_signing,spotrac
evt_50dfd0c5bd2f8aa49d8da97a,event,Signed a contract with Memphis (MEM) - Exhibit 10,2020-11-28,contract_signing,spotrac
evt_d71a265b2ff429df4ffcedd0,event,Signed a 4 year $6.53 million contract with Memphis (MEM) - includes 2023 Club Option,2020-12-01,contract_signing,spotrac
evt_84e1c30b3177a4da123126d5,event,Signed a contract with Memphis (MEM) - Exhibit 10,2020-12-11,contract_signing,spotrac
evt_e6bf20e7cd6eef407eb374cc,event,Waived by Memphis (MEM),2020-12-11,waiver,spotrac
evt_0048d3613fc49c0351b5544d,event,Signed a contract with Memphis (MEM) - training camp,2020-12-15,contract_signing,spotrac
evt_691aa943ef204e23ca546a1f,event,Signed a contract with Memphis (MEM) - training camp,2020-12-15,contract_signing,spotrac
evt_8f2ad8b77c5303230f2bba8a,event,Waived by Memphis (MEM),2020-12-15,waiver,spotrac
evt_a7f736ecd72f558c1faff266,event,Waived by Memphis (MEM),2020-12-15,waiver,spotrac
evt_268dc963e697a57f928d9501,event,Signed a contract with Memphis (MEM) - training camp,2020-12-16,contract_signing,spotrac
evt_d50071424f5ce365cd6dc41d,event,Signed a contract with Memphis (MEM) - training camp,2020-12-16,contract_signing,spotrac
evt_1b928863f5f887b10d9dacf7,event,Waived by Memphis (MEM),2020-12-16,waiver,spotrac
evt_a55bc7952bf9bd468b6ed6b9,event,Waived by Memphis (MEM),2020-12-16,waiver,spotrac
evt_5a77f7ec093a2eaeb173e051,event,Waived by Memphis (MEM),2020-12-19,waiver,spotrac
evt_b32ebe598b886fdc10888684,event,Waived by Memphis (MEM),2020-12-19,waiver,spotrac
evt_f3960fad9e87f7dee2402209,event,Waived by Memphis (MEM),2020-12-19,waiver,spotrac
evt_2718f088ad8935a8310844fa,event,Signed a 10-day contract with Memphis (MEM),2021-01-04,contract_signing,spotrac
evt_cc96eff18e090c9d2e475922,event,Waived by Memphis (MEM),2021-03-26,waiver,spotrac
evt_700ac8dc83308aa3abe2d914,event,Signed a 10-day contract with Memphis (MEM),2021-04-14,contract_signing,spotrac
evt_86152eeb38ae3db682b14379,event,Signed a Rest-of-Season contract with Memphis (MEM),2021-04-25,contract_signing,spotrac
evt_5590198d774e909b900b8e65,event,Signed a multi-year contract extension with Memphis (MEM),2021-06-04,extension,spotrac
evt_7e8f574b2f4d21726fb64688,event,draft_pick: Brandon Boston,2021-06-30,draft_pick,nba_api
evt_b7fd30be8daac98d9d2926d0,event,draft_pick: Trey Murphy III,2021-06-30,draft_pick,nba_api
evt_b278c5b54f9d5e2b02c16819,event,"Traded to Memphis (MEM) from New Orleans (NOP) as part of a 3-team trade: Memphis (MEM) traded Jonas Valanciunas, Trey Murphy III and Brandon Boston Jr to New Orleans (NOP); Memphis (MEM) traded Tyler Harvey to Charlotte",2021-07-26,trade,spotrac
evt_d5f89b83fdf176fdfd9388da,event,"Traded to Memphis (MEM) from New Orleans (NOP) as part of a 3-team trade: Memphis (MEM) traded Jonas Valanciunas, Trey Murphy III and Brandon Boston Jr to New Orleans (NOP); Memphis (MEM) traded Tyler Harvey to Charlotte",2021-07-26,trade,spotrac
evt_af84d0498ffa9252caa5d975,event,Drafted by Memphis (MEM): Round 2 (#51 overall),2021-07-29,draft_pick,spotrac
evt_c1bf43f973379892699be80d,event,Drafted by Memphis (MEM): Round 1 (#17 overall),2021-07-29,draft_pick,spotrac
evt_cc094704d7265b4fc90a99fa,event,Waived by Memphis (MEM),2021-07-30,waiver,spotrac
evt_16cd30b5588da3d8f3c3dbd2,event,"Traded to Memphis (MEM) from New Orleans (NOP) as part of a 3-team trade: Memphis (MEM) traded Jonas Valanciunas, Trey Murphy III and Brandon Boston Jr to New Orleans (NOP); Memphis (MEM) traded Tyler Harvey to Charlotte",2021-08-07,trade,spotrac
evt_215bd2d7139ea344aec0513e,event,Traded to Memphis (MEM) from Milwaukee (MIL) with two future 2nd-round picks for Grayson Allen,2021-08-07,trade,spotrac
evt_397abd75757ea1c76e222a6d,event,"Traded to Memphis (MEM) from Utah (UTA) for 2022 2nd round pick, 2026 2nd round pick and Jared Butler",2021-08-07,trade,spotrac
evt_bb1f56d6f0fbbf9ab984cbac,event,"Traded to Memphis (MEM) from New Orleans (NOP) as part of a 3-team trade: Memphis (MEM) traded Jonas Valanciunas, Trey Murphy III and Brandon Boston Jr to New Orleans (NOP); Memphis (MEM) traded Tyler Harvey to Charlotte",2021-08-07,trade,spotrac
evt_1db7089b6ccd9a34278b1256,event,Signed a 4 year $19.91 million rookie scale contract with Memphis (MEM),2021-08-08,contract_signing,spotrac
evt_8bf2c59e5bf7de244e06cccb,event,Signed a 4 year $10.24 million rookie scale contract with Memphis (MEM),2021-08-08,contract_signing,spotrac
evt_6a5f73fccf5ed63edc791dcd,event,Signed a contract with Memphis (MEM) - Exhibit 10,2021-08-10,contract_signing,spotrac
evt_185acb10a7b56e1061022a11,event,Signed a Two-Way contract with Memphis (MEM),2021-08-11,conversion,spotrac
evt_c5d2042a38a81c659708c817,event,Traded to Memphis (MEM) from LA (LAC) with Rajon Rondo and Patrick Beverley for Eric Bledsoe,2021-08-16,trade,spotrac
evt_d1e4369a8ea0b03007dd49c9,event,Traded to Memphis (MEM) from LA (LAC) with Rajon Rondo and Daniel Oturu for Eric Bledsoe,2021-08-16,trade,spotrac
evt_d335bfbfa484372d2353413e,event,Traded to Memphis (MEM) from LA (LAC) with Patrick Beverley and Daniel Oturu for Eric Bledsoe,2021-08-16,trade,spotrac
evt_cd8862a8f2e98ae9f398a3d6,event,Traded to Memphis (MEM) from Minnesota (MIN) with Jarrett Culver for Patrick Beverley,2021-08-25,trade,spotrac
evt_eb824a8afffd833272268230,event,Traded to Memphis (MEM) from Minnesota (MIN) with Juan Hernangomez for Patrick Beverley,2021-08-25,trade,spotrac
evt_214fe8aabf8adfd198a949d4,event,Waived by Memphis (MEM),2021-08-25,waiver,spotrac
evt_02589263d070ddf76839420e,event,Waived by Memphis (MEM) - agreed to buyout,2021-08-28,waiver,spotrac
evt_350b40be3b6f810a903e066c,event,Traded to Memphis (MEM) from Los Angeles (LAL) with 2024 2nd round pick and cash for Wang Zhelin,2021-09-10,trade,spotrac
evt_021908ef8268a31a1e16655d,event,Traded to Memphis (MEM) from Boston (BOS) with Kris Dunn and 2026 2nd round pick [pick swap] for Juan Hernangomez,2021-09-15,trade,spotrac
evt_f8cd211ae83d8d6d31772181,event,Traded to Memphis (MEM) from Boston (BOS) with Carsen Edwards and 2026 2nd round pick [pick swap] for Juan Hernangomez,2021-09-15,trade,spotrac
evt_1c15e196435596c18e846491,event,Waived by Memphis (MEM),2021-09-15,waiver,spotrac
evt_59226dec18328b59726ce57b,event,Signed a contract with Memphis (MEM) - Exhibit 10,2021-09-23,contract_signing,spotrac
evt_9d6d00934ee823259731119d,event,Signed a contract with Memphis (MEM) - Exhibit 10,2021-09-23,contract_signing,spotrac
evt_8d1cf5069fb593874780b089,event,Signed a Two-Way contract with Memphis (MEM) - converted Exhibit 10,2021-09-23,conversion,spotrac
evt_ecd4398ed4959f817128a717,event,Waived by Memphis (MEM),2021-09-23,waiver,spotrac
evt_6d951551b5dcf147082eccab,event,Waived by Memphis (MEM),2021-09-24,waiver,spotrac
evt_cf430a3c52726ef70fc0dd94,event,Signed a Two-Way contract with Memphis (MEM),2021-10-08,conversion,spotrac
evt_d4d633102e46b0d49c6380f1,event,Waived by Memphis (MEM),2021-10-08,waiver,spotrac
evt_a951ef6974ce8f0f5c699abc,event,Signed a contract with Memphis (MEM) - Exhibit 10,2021-10-14,contract_signing,spotrac
evt_f9d6e9b43f9d640a51c9f32b,event,Signed a contract with Memphis (MEM) - Exhibit 10,2021-10-14,contract_signing,spotrac
evt_96d610f1c181ade1aa25dfa8,event,Waived by Memphis (MEM),2021-10-14,waiver,spotrac
evt_e342c074e8cf420e36ed0bce,event,Waived by Memphis (MEM),2021-10-14,waiver,spotrac
evt_767ae40769b4e5dfc7a78352,event,Signed a contract with Memphis (MEM) - Exhibit 10,2021-10-15,contract_signing,spotrac
evt_19359d0e3d76775a5150274b,event,Waived by Memphis (MEM),2021-10-15,waiver,spotrac
evt_4c569434521f0619e3f34433,event,Waived by Memphis (MEM),2021-10-16,waiver,spotrac
evt_7f9e86f284cf9ff9da805cd0,event,Waived by Memphis (MEM),2021-10-16,waiver,spotrac
evt_d8506f55b8d877b7f9026493,event,Waived by Memphis (MEM),2021-10-16,waiver,spotrac
evt_7dff0bf8a9ae2877af6506ed,event,Signed a 4 year $104.72 million rookie scale contract extension with Memphis (MEM),2021-10-18,extension,spotrac
evt_9e17a77702bf8cc67d784f1d,event,Signed a 10-day contract with Memphis (MEM),2021-12-25,contract_signing,spotrac
evt_c64a07fb210197ff3686da24,event,Signed a 10-day contract with Memphis (MEM),2021-12-25,contract_signing,spotrac
evt_9a86c4b7d479daeb4bf41cdf,event,Signed a 10-day contract with Memphis (MEM),2021-12-27,contract_signing,spotrac
evt_2e6f687adcb6e04dc93c767a,event,Signed a 10-day contract with Memphis (MEM),2021-12-30,contract_signing,spotrac
evt_0f4aec457cb44ae5bfcc4415,event,Signed a 2 year $3.8 million Rest-of-Season contract with Memphis (MEM),2022-01-01,contract_signing,spotrac
evt_8873c2fa7945739418932e18,event,Signed a 10-day contract with Memphis (MEM),2022-01-01,contract_signing,spotrac
evt_a3e0995b63c5aa76de168b6b,event,Waived by Memphis (MEM),2022-01-01,waiver,spotrac
evt_49f9c6e244e5f74188da5aaa,event,Signed a 10-day contract with Memphis (MEM),2022-01-03,contract_signing,spotrac
evt_54e6a9b8f4d4939e70a285bb,event,Signed a 2 year Two-Way contract with Memphis (MEM),2022-01-04,conversion,spotrac
evt_28f8594763d3dc53aaa862b9,event,Signed a 10-day contract with Memphis (MEM),2022-01-14,contract_signing,spotrac
evt_696f1319cc06c13134c9b249,event,Signed a 10-day contract with Memphis (MEM),2022-01-19,contract_signing,spotrac
evt_a683b3591062b6d986f8f96a,event,Signed a 2 year contract extension with Memphis (MEM),2022-06-13,extension,spotrac
evt_14ee715861fc3ab024c38572,event,Drafted by Memphis (MEM): Round 1 (#29 overall),2022-06-23,draft_pick,spotrac
evt_2d58e94c169e2b2aaf30027c,event,Drafted by Memphis (MEM): Round 2 (#47 overall),2022-06-23,draft_pick,spotrac
evt_b6bf355388a08991288a370d,event,Drafted by Memphis (MEM): Round 1 (#22 overall),2022-06-23,draft_pick,spotrac
evt_23b3c2b6e3084e20a6eb714b,event,Traded to Memphis (MEM) from Philadelphia (PHI) with Danny Green for De'Anthony Melton,2022-06-24,trade,spotrac
evt_70e48f3d57abc3494bde65a9,event,Traded to Memphis (MEM) from Philadelphia (PHI) with David Roddy for De'Anthony Melton,2022-06-24,trade,spotrac
evt_be4bbca5f5f20b860c184aae,event,"Traded to Memphis (MEM) from Minnesota (MIN) for 2023 2nd round pick, Walker Kessler and TyTy Washington Jr.",2022-06-24,trade,spotrac
evt_da52dbc8129548261f4752ed,event,Traded to Memphis (MEM) from San Antonio (SAS) for 2024 2nd round pick [LAL pick] and $1 million,2022-06-24,trade,spotrac
evt_85625d2f907d7a5ea6040937,event,draft_pick: TyTy Washington Jr.,2022-06-30,draft_pick,nba_api
evt_e4220b1fbf4c30db7c455b26,event,draft_pick: Vince Williams Jr.,2022-06-30,draft_pick,nba_api
evt_f3b345830b096c058fb0a2ba,event,draft_pick: Walker Kessler,2022-06-30,draft_pick,nba_api
evt_a66af3a7f8091450096fdd02,event,Signed a 4 year $12.99 million contract with Memphis (MEM),2022-07-02,contract_signing,spotrac
evt_d4ddbcadd5074ed5b373c051,event,Signed a 4 year $14.76 million Rookie Scale contract with Memphis (MEM),2022-07-02,contract_signing,spotrac
evt_14612a14899e132fad7ff326,event,Signed a 2 year Two-Way contract with Memphis (MEM),2022-07-02,conversion,spotrac
evt_5e110c25e84fb1cd71b14274,event,Signed a Two-Way contract with Memphis (MEM),2022-07-02,conversion,spotrac
evt_7849cdd7bbd908e7ec2f8ee0,event,Waived by Memphis (MEM),2022-07-02,waiver,spotrac
evt_5c4e00b598def219a6dc6225,event,Signed a 4 year $7.13 million contract with Memphis (MEM) - includes 2025-26 Club Option,2022-07-06,contract_signing,spotrac
evt_62f15646898590fd6627cb83,event,Signed a 2 year $29 million contract with Memphis (MEM),2022-07-06,contract_signing,spotrac
evt_df6ded966664d9a4991f62ff,event,Signed a 5 year $197.23 million Designated Rookie contract extension with Memphis (MEM) - includes 30% cap language,2022-07-06,extension,spotrac
evt_fe2a36cbdc238c25274124c2,event,Signed a 3 year $19 million veteran contract extension with Memphis (MEM),2022-07-07,extension,spotrac
evt_4a90a6fdf68729a00dcd19b4,event,Signed a contract with Memphis (MEM) - Exhibit 10,2022-09-23,contract_signing,spotrac
evt_cf6a5696443b8ffc5c6082d3,event,Signed a contract with Memphis (MEM) - Exhibit 10,2022-09-23,contract_signing,spotrac
evt_8ef2f59cf280e1ab907a0d4f,event,Signed a 2 year $25.2 million veteran contract extension with Memphis (MEM),2022-10-01,extension,spotrac
evt_3cbd8e5230618b3a84c328b8,event,Signed a contract with Memphis (MEM) - Exhibit 10,2022-10-10,contract_signing,spotrac
evt_cc4e48456df12ad97efdf166,event,Signed a contract with Memphis (MEM) - Exhibit 10,2022-10-10,contract_signing,spotrac
evt_8b7953c95d0944f60eb5cd2b,event,Waived by Memphis (MEM),2022-10-10,waiver,spotrac
evt_9247aff8eee892dc567890ee,event,Waived by Memphis (MEM),2022-10-10,waiver,spotrac
evt_4e8f5fea4d190d7e46fafa93,event,Signed a contract with Memphis (MEM) - Exhibit 10,2022-10-13,contract_signing,spotrac
evt_804564805f6ebf0a5e693837,event,Signed a contract with Memphis (MEM) - Exhibit 10,2022-10-13,contract_signing,spotrac
evt_223752594b0d31670425af63,event,Waived by Memphis (MEM),2022-10-13,waiver,spotrac
evt_e79de9169b3b11f1196b17e6,event,Waived by Memphis (MEM),2022-10-13,waiver,spotrac
evt_784b4616ec6add5074485d32,event,Signed a contract with Memphis (MEM) - Exhibit 10,2022-10-14,contract_signing,spotrac
evt_79ac515a94d59e19012dfbb4,event,Waived by Memphis (MEM),2022-10-14,waiver,spotrac
evt_8b2457d1dc9fbe1a53ae6a39,event,Waived by Memphis (MEM),2022-10-14,waiver,spotrac
evt_7304f459523828bb25c3ef4d,event,Waived by Memphis (MEM),2022-10-15,waiver,spotrac
evt_df0e086fe7b3b50464626111,event,Waived by Memphis (MEM),2022-10-15,waiver,spotrac
evt_2c2aa826405d80d886223446,event,Signed a 4 year $50 million rookie contract extension with Memphis (MEM),2022-10-16,extension,spotrac
evt_7a99af5a76f81d62327c4281,event,Traded to Memphis (MEM) from LA (LAC) as part of a 3-team trade: Houston (HOU) traded Eric Gordon to LA (LAC); LA (LAC) traded John Wall and 2023 1st round pick to Houston (HOU); Memphis (MEM) traded Danny Green to Houst,2023-02-09,trade,spotrac
evt_ad9e955bedf13f56d6b8ce30,event,Signed a 4 year $6.92 million Rest-of-Season contract with Memphis (MEM) - includes 2024-25 non-guaranteed and 2025-26 Club Option,2023-04-08,contract_signing,spotrac
evt_92f12b263e750545c8983249,event,Signed a 2 year Two-Way contract with Memphis (MEM),2023-04-08,conversion,spotrac
evt_837ea997c9723231aaecba23,event,Waived by Memphis (MEM),2023-04-08,waiver,spotrac
evt_94495486917418172f094318,event,Drafted by Memphis (MEM): Round 2 (#45 overall),2023-06-22,draft_pick,spotrac
evt_a10b38f50d4cf001fe050d4a,event,Drafted by Memphis (MEM): Round 1 (#25 overall),2023-06-22,draft_pick,spotrac
evt_b05f17584134d9b996dd923e,event,Drafted by Memphis (MEM): Round 2 (#56 overall),2023-06-22,draft_pick,spotrac
evt_70cd6b6b1051bd225872a8ea,event,"Traded to Memphis (MEM) from Boston (BOS) as part of a 3-team trade: Boston (BOS) traded Mike Muscala, Danilo Gallinari and Julian Phillips to Washington (WAS); Memphis (MEM) traded 2024 1st round pick and Marcus Sasser ",2023-06-23,trade,spotrac
evt_53f0e7e0b02447f4fc9f270b,event,draft_pick: Marcus Sasser,2023-06-30,draft_pick,nba_api
evt_6c7c2fb9abc75a76bcebf6e4,event,draft_pick: GG Jackson,2023-06-30,draft_pick,nba_api
evt_ed43555c205b9feeca3ac2f8,event,draft_pick: Tarik Biberovic,2023-06-30,draft_pick,nba_api
evt_e754ad996127e56c919e3c8f,event,Signed a 2 year $6.55 million contract with Memphis (MEM),2023-07-03,contract_signing,spotrac
evt_c8dd09c76697e74da1032c79,event,Signed a 5 year $197.23 million Rookie Scale contract extension with Memphis (MEM),2023-07-08,extension,spotrac
evt_ac78aaf7ba498e1fbdae8388,event,"Traded to Memphis (MEM) from LA (LAC) as part of a 5-team trade: Atlanta (ATL) traded Alpha Kaba to Houston (HOU); Houston (HOU) traded Usman Garuba|74130, TyTy Washington Jr., 2025 2nd round pick and 2028 2nd round pick",2023-07-08,trade,spotrac
evt_d903f95a16ac4b876334d22c,event,"Traded to Memphis (MEM) from Houston (HOU) as part of a 5-team trade: Atlanta (ATL) traded Alpha Kaba to Houston (HOU); Houston (HOU) traded Usman Garuba|74130, TyTy Washington Jr., 2025 2nd round pick and 2028 2nd round",2023-07-08,trade,spotrac
evt_1ab831636af5cb9ed5dc12c8,event,"Traded to Memphis (MEM) from Phoenix (PHX) with 2024 1st round pick [MEM right to swap with PHX] and 2030 1st round pick [MEM right to swap with PHX] for 2025 2nd round pick [NOP pick ] , 2028 2nd round pick [MEM pick] a",2023-07-11,trade,spotrac
evt_3366e0321f684bc1d3f46d99,event,Signed a contract with Memphis (MEM) - Exhibit 10,2023-08-31,contract_signing,spotrac
evt_4664a335d51733e81580b3b4,event,Signed a Two-Way contract with Memphis (MEM),2023-08-31,conversion,spotrac
evt_4820b2562e1af05b570b7077,event,Signed a contract with Memphis (MEM) - Exhibit 10,2023-09-30,contract_signing,spotrac
evt_61b0d74f6abf76f55821c953,event,Signed a contract with Memphis (MEM) - Exhibit 10,2023-09-30,contract_signing,spotrac
evt_540170d362ae96844db1c409,event,Waived by Memphis (MEM),2023-09-30,waiver,spotrac
evt_ce3fbba76bcfa3932849aff3,event,Waived by Memphis (MEM),2023-09-30,waiver,spotrac
evt_df99d151a350064f3c1d80f3,event,Signed a contract with Memphis (MEM) - Exhibit 10,2023-10-16,contract_signing,spotrac
evt_f00661c1bce21b46c4ea0a04,event,Signed a contract with Memphis (MEM) - Exhibit 10,2023-10-16,contract_signing,spotrac
evt_01e6d998ad5e49cc7813e3cb,event,Waived by Memphis (MEM),2023-10-16,waiver,spotrac
evt_6c6577e7b51649a4a17ce4f7,event,Waived by Memphis (MEM),2023-10-16,waiver,spotrac
evt_79134dc8580e55774c66bd08,event,Signed a contract with Memphis (MEM) - Exhibit 10,2023-10-18,contract_signing,spotrac
evt_e0490cac710f154c25e9cdf2,event,Signed a contract with Memphis (MEM) - Exhibit 10,2023-10-18,contract_signing,spotrac
evt_5c990e34ce05bf6a788b1982,event,Waived by Memphis (MEM),2023-10-18,waiver,spotrac
evt_5f45d073c878806838b4d35a,event,Waived by Memphis (MEM),2023-10-18,waiver,spotrac
evt_0e7e62a4b23b06ad1b1f58ac,event,Waived by Memphis (MEM),2023-10-21,waiver,spotrac
evt_20195d90fd10e8727201ad6f,event,Waived by Memphis (MEM),2023-10-21,waiver,spotrac
evt_9154d040c10acfccdd6a2009,event,Waived by Memphis (MEM),2023-10-21,waiver,spotrac
evt_9aefcc9e09310d1605d3f055,event,Signed a 1 year $5 million contract with Memphis (MEM),2023-11-02,contract_signing,spotrac
evt_170315af727bbb3c038a8a18,event,Signed a 10-day contract with Memphis (MEM) via Hardship,2023-11-24,contract_signing,spotrac
evt_51b9a098dec73a282a7502aa,event,Signed a 10-day contract with Memphis (MEM) via Hardship,2023-11-24,contract_signing,spotrac
evt_5985065eea72d211b8cc821d,event,Signed a 10-day contract with Memphis (MEM),2023-12-04,contract_signing,spotrac
evt_17397d9c20cc7962eacf1789,event,Waived by Memphis (MEM),2023-12-18,waiver,spotrac
evt_ebfa44b658e7226a9dbb17c6,event,Signed a 4 year $9.14 million Rest-of-Season contract with Memphis (MEM) via converted Two-Way contract - includes 2026-27 Club Option,2024-01-10,conversion,spotrac
evt_62a88e51f5023d01335b9e64,event,Waived by Memphis (MEM); leaving behind $5 million in dead cap,2024-01-10,waiver,spotrac
evt_9d7b779c494a0b7efcc7a6c2,event,Signed a 2 year Two-Way contract with Memphis (MEM),2024-01-16,conversion,spotrac
evt_b91b3665a7527a4dadeab971,event,Signed a 10-day contract with Memphis (MEM),2024-01-29,contract_signing,spotrac
evt_2656fb6346a57d33f2718bdd,event,Signed a 10-day contract with Memphis (MEM),2024-01-30,contract_signing,spotrac
evt_5dd8e6232b6ea5661b8924fa,event,Signed a 10-day contract with Memphis (MEM),2024-01-30,contract_signing,spotrac
evt_ebe49546dc9e352f1f0ffb39,event,"Traded to Memphis (MEM) from Houston (HOU) for Steven Adams, 2024 2nd round pick [via OKC] , 2024 2nd round pick [most favorable of BKN own pick (protected 55-58) and GSW own pick (protected 56-58)] and 2025 2nd round pi",2024-02-02,trade,spotrac
evt_68420624ff2f1b645ad23b99,event,Traded to Memphis (MEM) from Boston (BOS) with 2029 2nd round pick [ATL pick] and 2030 2nd round pick [DAL pick] for Xavier Tillman,2024-02-07,trade,spotrac
evt_1491eaba7b1c4acb27f9bee6,event,Traded to Memphis (MEM) from Phoenix (PHX) as part of a 3-team trade: Memphis (MEM) traded David Roddy to Phoenix (PHX); Memphis (MEM) traded Vanja Marinkovic to Brooklyn (BKN); Phoenix (PHX) traded Yuta Watanabe to Memp,2024-02-08,trade,spotrac
evt_4eb0322c4b433dc5b563e747,event,Traded to Memphis (MEM) from Phoenix (PHX) as part of a 3-team trade: Memphis (MEM) traded David Roddy to Phoenix (PHX); Memphis (MEM) traded Vanja Marinkovic to Brooklyn (BKN); Phoenix (PHX) traded Chimezie Metu to Memp,2024-02-08,trade,spotrac
evt_fe6fe9d55135d2bc94a7969f,event,Waived by Memphis (MEM),2024-02-08,waiver,spotrac
evt_19c4f6fd3ba4d8bfe467b556,event,Signed a 2 year Two-Way contract with Memphis (MEM),2024-02-09,conversion,spotrac
evt_c983c9c947ccf179262e5e85,event,Signed a 4 year Rest-of-Season contract with Memphis (MEM) via converted Two-Way contract - includes 2026-27 Club Option,2024-02-09,conversion,spotrac
evt_5960434f3b1f648699dde509,event,Waived by Memphis (MEM),2024-02-09,waiver,spotrac
evt_6be683a06a99f34c3318ac7c,event,Signed a 10-day contract with Memphis (MEM),2024-02-13,contract_signing,spotrac
evt_fdd8cb99359475efb4072560,event,Signed a Two-Way contract with Memphis (MEM),2024-02-24,conversion,spotrac
evt_2720378c29e5ab950a534d38,event,Waived by Memphis (MEM),2024-02-24,waiver,spotrac
evt_9c660f5b65127b3cf4e0469e,event,Signed a 10-day contract with Memphis (MEM),2024-02-26,contract_signing,spotrac
evt_5ebb7dddfa4521742de06acb,event,Signed a 10-day contract with Memphis (MEM),2024-03-08,contract_signing,spotrac
evt_eeb4cab0af32a1a566eddd7a,event,Signed a 10-day contract with Memphis (MEM),2024-03-10,contract_signing,spotrac
evt_8cded281639b4d60d5a2b7b9,event,Signed a 10-day contract with Memphis (MEM),2024-03-20,contract_signing,spotrac
evt_bea6f62761d0f691f9d23bd3,event,Signed a 10-day contract with Memphis (MEM) via Hardship exception,2024-03-20,contract_signing,spotrac
evt_198a324c4e7455578828bb77,event,Signed a 10-day contract with Memphis (MEM) via Hardship,2024-03-30,contract_signing,spotrac
evt_84ec26727104bc69736935a0,event,Signed a 10-day contract with Memphis (MEM) via Hardship,2024-03-30,contract_signing,spotrac
evt_656b9817f0395b62efa2c631,event,Signed a 10-day contract with Memphis (MEM),2024-04-06,contract_signing,spotrac
evt_39ace60e793c5f4dbce6576e,event,Signed a 10-day contract with Memphis (MEM),2024-04-09,contract_signing,spotrac
evt_62efe0d9083f4cfdfac2e82c,event,Signed a 10-day contract with Memphis (MEM),2024-04-09,contract_signing,spotrac
evt_630f870a628c228a6f1f3a6f,event,Drafted by Memphis (MEM): Round 1 (#9 overall),2024-06-26,draft_pick,spotrac
evt_5479896a84456c76a77d2d54,event,Drafted by Memphis (MEM): Round 2 (#39 overall),2024-06-27,draft_pick,spotrac
evt_894c6a467e8348019245708c,event,Drafted by Memphis (MEM): Round 2 (#57 overall),2024-06-27,draft_pick,spotrac
evt_4caf1b276bba928791e70475,event,draft_pick: Zach Edey,2024-06-30,draft_pick,nba_api
evt_af9fcae2d1240700e58b33db,event,draft_pick: Jaylen Wells,2024-06-30,draft_pick,nba_api
evt_fe5eeda60bb2e0d8c3d5aac4,event,draft_pick: Ulrich Chomche,2024-06-30,draft_pick,nba_api
evt_5a3bf25f9ab7377a1ec77219,event,Signed a 4 year $26.2 million rookie scale contract with Memphis (MEM),2024-07-06,contract_signing,spotrac
evt_dd64549fe186b42433c428fe,event,Signed a 4 year $7.9 million contract with Memphis (MEM) via 2nd-round exception - includes 2027-28 Club Option,2024-07-06,contract_signing,spotrac
evt_cd6164316e1d3a561b6f09b1,event,Traded to Memphis (MEM) from Detroit (DET) as part of a 4-team trade: Memphis (MEM) traded future 2nd-round pick to Minnesota (MIN); Memphis (MEM) traded Ulrich Chomche to Toronto (TOR); Minnesota (MIN) traded Wendell Mo,2024-07-06,trade,spotrac
evt_7432bff47972dfce1220b8e6,event,Signed a Two-Way contract with Memphis (MEM),2024-07-08,conversion,spotrac
evt_8dcde9fe4675a7700ded46cd,event,Traded to Memphis (MEM) from Brooklyn (BKN) with Nemanja Dangubic for Ziaire Williams and 2030 2nd round pick [DAL pick],2024-07-19,trade,spotrac
evt_ae158350952468b7347a92b5,event,Signed a Two-Way contract with Memphis (MEM),2024-07-24,conversion,spotrac
evt_0de3a914506ad5c794f1443f,event,Waived by Memphis (MEM),2024-07-24,waiver,spotrac
evt_405765c8969e83c23daf2d38,event,Signed a 1 year $9.25 million contract with Memphis (MEM),2024-07-31,contract_signing,spotrac
evt_c517bfaf3a891dd565f17dc7,event,Waived by Memphis (MEM) via Stretch Provision,2024-08-27,waiver,spotrac
evt_0c86ca7e334152dadcbfb64e,event,Signed a contract with Memphis (MEM) - Exhibit 10,2024-09-06,contract_signing,spotrac
evt_584a96fd2fabd76ca5eb09e5,event,Signed a contract with Memphis (MEM) - Exhibit 10,2024-09-06,contract_signing,spotrac
evt_6ebd42f274924b91623d33d3,event,Signed a contract with Memphis (MEM) - Exhibit 10,2024-09-06,contract_signing,spotrac
evt_92736473c82a72c50b71c9e1,event,Signed a contract with Memphis (MEM) - Exhibit 10,2024-09-06,contract_signing,spotrac
evt_8bbd955beb3459e8f26505fa,event,Waived by Memphis (MEM); reduced waived amount to $0,2024-09-23,waiver,spotrac
evt_02cc36814b55c0a5ba35a18c,event,Signed a 4 year $9.6 million contract with Memphis (MEM) via converted Two-Way contract - includes 2027-28 Club Option,2024-10-15,conversion,spotrac
evt_448261cdcffc24287c2db4ec,event,Signed a contract with Memphis (MEM) - Exhibit 10,2024-10-16,contract_signing,spotrac
evt_bc5a41e1c2ce8efc604c796f,event,Signed a contract with Memphis (MEM) - Exhibit 10,2024-10-16,contract_signing,spotrac
evt_27986638fc5fcabf25fb6daf,event,Waived by Memphis (MEM),2024-10-16,waiver,spotrac
evt_9b7e971379af1467c2eda262,event,Signed a Two-Way contract with Memphis (MEM) via converted Exhibit 10,2024-10-19,conversion,spotrac
evt_0136841600c07921ed4c6c5f,event,Waived by Memphis (MEM),2024-10-19,waiver,spotrac
evt_02b56d3e8684c55702acafee,event,Waived by Memphis (MEM),2024-10-19,waiver,spotrac
evt_4bacd72c5879ddf616626d05,event,Waived by Memphis (MEM),2024-10-19,waiver,spotrac
evt_9c4711b7f75155ed3a274dc7,event,Waived by Memphis (MEM),2024-10-19,waiver,spotrac
evt_48766f7f58748095f4eb0f03,event,Signed a 4 year $10.11 million contract with Memphis (MEM) - converted Two-Way contract,2024-10-28,conversion,spotrac
evt_a01e09463cc63fc333cf6c28,event,Signed a Two-Way contract with Memphis (MEM),2024-10-30,conversion,spotrac
evt_badcd61137de3d7d3e1191ae,event,Signed a 2 year Two-Way contract with Memphis (MEM),2025-01-10,conversion,spotrac
evt_42cae1398429300bb1939c53,event,Waived by Memphis (MEM),2025-01-10,waiver,spotrac
evt_0dcc9ec4b1688e1a00fd26f5,event,Traded to Memphis (MEM) from Washington (WAS) as part of a 3-team trade: Memphis (MEM) traded Jake LaRavia to Sacramento (SAC); Memphis (MEM) traded Marcus Smart and 2025 1st round pick to Washington (WAS); Sacramento (S,2025-02-06,trade,spotrac
evt_212296f32a0b6b43d2ee75f0,event,Traded to Memphis (MEM) from Washington (WAS) as part of a 3-team trade: Memphis (MEM) traded Jake LaRavia to Sacramento (SAC); Memphis (MEM) traded Marcus Smart and 2025 1st round pick to Washington (WAS); Sacramento (S,2025-02-06,trade,spotrac
evt_2410cd8d63d465e6c6d42265,event,Signed a 10-day contract with Memphis (MEM),2025-02-21,contract_signing,spotrac
evt_4927a4419fbe2d1d4b787543,event,"Waived by Memphis (MEM); leaves behind $5,291,160 in dead cap",2025-02-21,waiver,spotrac
evt_ebccf64856dfbecb3e8537e7,event,Signed a 10-day contract with Memphis (MEM),2025-03-03,contract_signing,spotrac
evt_e5fa1b9b9eeaa292e37a4b9c,event,Signed a Rest-of-Season contract with Memphis (MEM),2025-03-13,contract_signing,spotrac
evt_bff0a1c953bc8d45e215f8e2,event,Signed a contract with Memphis (MEM) as interim head coach,2025-03-28,contract_signing,spotrac
evt_40ac665533a1e43fcde7c798,event,Signed a contract with Memphis (MEM) as head coach,2025-05-02,contract_signing,spotrac
evt_989b344c25b96dfb192b3d35,event,"Traded to Memphis (MEM) from Orlando (ORL) with Kentavious Caldwell-Pope , 2026 1st round pick [PHX pick] , 2028 1st round pick [ORL pick] , 2030 1st round pick [ORL pick] , 2029 1st round pick [MEM right to swap] and 20",2025-06-15,trade,spotrac
evt_352ce0578279b24f1852341d,event,Drafted by Memphis (MEM): Round 1 (#16 overall),2025-06-25,draft_pick,spotrac
evt_2047cb3431cdf90ca716be75,event,"Traded to Memphis (MEM) from Portland (POR) for 2028 1st round pick [ORL pick] , 2nd round pick, 2nd round pick and Hansen Yang",2025-06-25,trade,spotrac
evt_2409f0a6ec1f56c5bda292c5,event,Drafted by Memphis (MEM): Round 2 (#56 overall),2025-06-26,draft_pick,spotrac
evt_deeb3c1f1ba0484bdb066795,event,Drafted by Memphis (MEM): Round 2 (#48 overall),2025-06-26,draft_pick,spotrac
evt_0dcd79fd2a2c11f9694ed774,event,draft_pick: Javon Small,2025-06-30,draft_pick,nba_api
evt_61e3c11941c48703793832df,event,draft_pick: Yang Hansen,2025-06-30,draft_pick,nba_api
evt_a14bd8150a349bf66c883a9d,event,draft_pick: Will Richard,2025-06-30,draft_pick,nba_api
evt_3dad859a9e1e9d5e799918d3,event,Traded to Memphis (MEM) from Golden State (GSW) with Jahmai Mashack and conditional 2nd-round pick for Will Richard,2025-07-06,trade,spotrac
evt_415046c35ef7331408cd1386,event,Traded to Memphis (MEM) from Golden State (GSW) with conditional 2nd-round pick and Justinian Jessup for Will Richard,2025-07-06,trade,spotrac
evt_059d2b792a481107489f5703,event,Signed a 4 year $26.35 million Rookie Scale contract with Memphis (MEM),2025-07-07,contract_signing,spotrac
evt_bcfdbc4de126a3bbe794f9fe,event,Signed a 2 year Two-Way contract with Memphis (MEM),2025-07-10,conversion,spotrac
evt_f2a05db9f41ff1a0b2d96ac5,event,Waived by Memphis (MEM) via Stretch Provision,2025-07-12,waiver,spotrac
evt_b494c6f349c28879bdf0f0d1,event,"Signed a 4 year $205 million Renegotiation-and-Extend contract extension with Memphis (MEM); 2025-26 salary increased by $11,586,605 making the total value of the extension $216.58 million",2025-07-13,extension,spotrac
evt_2b6bc52f483aebc2b928fd41,event,Signed a 4 year $10.40 million contract with Memphis (MEM) - includes 2028-29 Club Option,2025-07-14,contract_signing,spotrac
evt_5228967b1e1fdc9fe303ed05,event,Signed a 3 year $27.66 million contract with Memphis (MEM) - includes 2029-30 Player Option,2025-07-14,contract_signing,spotrac
evt_9557abb24398ed45916c92be,event,Signed a 1 year $2.46 million contract with Memphis (MEM),2025-07-15,contract_signing,spotrac
evt_e2699cf88904d8c6010e06ab,event,Signed a 3 year $52.5 million contract with Memphis (MEM) - includes 2027-28 Club Option,2025-07-15,contract_signing,spotrac
evt_717f8ed4e4f543de56959c27,event,Signed a Two-Way contract with Memphis (MEM),2025-07-20,conversion,spotrac
evt_e6bd9a389d83ebd99f988f80,event,Waived by Memphis (MEM),2025-07-20,waiver,spotrac
evt_42a6e50871866806a38e4c15,event,Signed a Two-Way contract with Memphis (MEM),2025-09-04,conversion,spotrac
evt_22270484f2ea56ae93c3f80b,event,Signed a contract with Memphis (MEM) - Exhibit 10,2025-09-06,contract_signing,spotrac
evt_b8c8eb0a59ef99f071309ca1,event,Signed a contract with Memphis (MEM) - Exhibit 10,2025-09-06,contract_signing,spotrac
evt_70ea10611b0cb52f943ef899,event,Signed a contract with Memphis (MEM) - Exhibit 10,2025-09-23,contract_signing,spotrac
evt_94e8dc7478887cd94dae50c7,event,Signed a contract with Memphis (MEM) - Exhibit 10,2025-10-13,contract_signing,spotrac
evt_9fdb80a9f55b11a05bbd89c0,event,Waived by Memphis (MEM),2025-10-13,waiver,spotrac
evt_66b3d715a794bf0d4ceacf58,event,Waived by Memphis (MEM),2025-10-15,waiver,spotrac
evt_beb669dcee99fb850358b926,event,Signed a contract with Memphis (MEM) - Exhibit 10,2025-10-16,contract_signing,spotrac
evt_7d777159d48324d5da31d19d,event,Signed a contract with Memphis (MEM) - Exhibit 10,2025-10-18,contract_signing,spotrac
evt_27ea2b8392dfcdaf5858b209,event,Waived by Memphis (MEM),2025-10-18,waiver,spotrac
evt_2a191f0aca96eab939dfedcd,event,Waived by Memphis (MEM),2025-10-18,waiver,spotrac
evt_95d10b1923efabeeb875f1e8,event,Waived by Memphis (MEM),2025-10-18,waiver,spotrac
evt_aa60a15d5ed3bb9c91d8ef62,event,Waived by Memphis (MEM),2025-10-18,waiver,spotrac
evt_2d708a12b7d222dd17d38f95,event,Signed a 10-day contract with Memphis (MEM) via Hardship exception,2025-10-27,contract_signing,spotrac
evt_abb368ace45d379cf4a48f38,event,Waived by Memphis (MEM),2025-11-16,waiver,spotrac
evt_fbd10e59e0c9cb67eef24fae,event,Signed a Two-Way contract with Memphis (MEM),2025-11-17,conversion,spotrac
evt_8eec3a775923ebdfb26278ba,event,Signed a 10-day contract with Memphis (MEM),2025-11-24,contract_signing,spotrac
evt_4e4652537a8e4d64aaac9a8b,event,Signed a 10-day contract with Memphis (MEM) via Hardship exception,2025-12-22,contract_signing,spotrac
evt_abf276623fd7f5bbad9f191c,event,Signed a 10-day contract with Memphis (MEM),2026-01-02,contract_signing,spotrac
evt_77ef642dc38a225def4bb584,event,"Traded to Memphis (MEM) from Utah (UTA) with Walter Clayton Jr. , Taylor Hendricks , Georges Niang , 2027 1st round pick [most favorable of CLE/MIN/UTA pick] , 2027 1st round pick [LAL pick] and 2031 1st round pick [PHX ",2026-02-03,trade,spotrac
evt_9821e9fb436042ad47ece0ae,event,"Traded to Memphis (MEM) from Utah (UTA) with Walter Clayton Jr. , Kyle Anderson , Georges Niang , 2027 1st round pick [most favorable of CLE/MIN/UTA pick] , 2027 1st round pick [LAL pick] and 2031 1st round pick [PHX pic",2026-02-03,trade,spotrac
evt_b62f4459e86d755246aa4f12,event,"Traded to Memphis (MEM) from Utah (UTA) with Walter Clayton Jr. , Kyle Anderson , Taylor Hendricks , 2027 1st round pick [most favorable of CLE/MIN/UTA pick] , 2027 1st round pick [LAL pick] and 2031 1st round pick [PHX ",2026-02-03,trade,spotrac
evt_c46feea6c77e4683343736a4,event,"Traded to Memphis (MEM) from Utah (UTA) with Kyle Anderson , Taylor Hendricks , Georges Niang , 2027 1st round pick [most favorable of CLE/MIN/UTA pick] , 2027 1st round pick [LAL pick] and 2031 1st round pick [PHX pick]",2026-02-03,trade,spotrac
evt_5bf2a58e9c21fee71bc5a7c4,event,Traded to Memphis (MEM) from Philadelphia (PHI) with 2032 2nd round pick [swap] and Justinian Jessup for 2032 2nd round pick [swap],2026-02-05,trade,spotrac
evt_9a10352ac42a8ee01b62d1cf,event,Waived by Memphis (MEM),2026-02-05,waiver,spotrac
evt_724f3462c0a6163de3ba7015,event,Waived by Memphis (MEM),2026-02-06,waiver,spotrac
evt_6725edd6013f76d3a4afce4f,event,Signed a 10-day contract with Memphis (MEM),2026-02-09,contract_signing,spotrac
evt_435f5d00eb61c8647ddd2278,event,Signed a 10-day contract with Memphis (MEM),2026-02-22,contract_signing,spotrac
evt_45da386727a2e5138d9f222f,event,Signed a 2 year $4.78 million Rest-of-Season contract with Memphis (MEM),2026-02-26,contract_signing,spotrac
evt_d22f49efe6340b9881f944b1,event,Waived by Memphis (MEM),2026-02-26,waiver,spotrac
evt_2ed85ff88e21518c890dbe96,event,Signed a Two-Way contract with Memphis (MEM),2026-03-04,conversion,spotrac
evt_3a2501b30427e35009bf5317,event,Signed a 2 year $3.03 million Rest-of-Season contract with Memphis (MEM) via converted Two-Way contract - includes 2026-27 Club Option,2026-03-04,conversion,spotrac
